data,link
<GET https://click.linksynergy.com/deeplink?id=EHFxW6yx8Uo&mid=40328&murl=https%3A%2F%2Fwww.coursera.org%2Flearn%2Fcovid-19-what-you-need-to-know%3Fedocomorp%3Dpublic-health-free-courses>,https://click.linksynergy.com/deeplink?id=EHFxW6yx8Uo&mid=40328&murl=https%3A%2F%2Fwww.coursera.org%2Flearn%2Fcovid-19-what-you-need-to-know%3Fedocomorp%3Dpublic-health-free-courses
<GET https://click.linksynergy.com/deeplink?id=EHFxW6yx8Uo&mid=40328&murl=https%3A%2F%2Fwww.coursera.org%2Flearn%2Fcovid-19%3Fedocomorp%3Dpublic-health-free-courses>,https://click.linksynergy.com/deeplink?id=EHFxW6yx8Uo&mid=40328&murl=https%3A%2F%2Fwww.coursera.org%2Flearn%2Fcovid-19%3Fedocomorp%3Dpublic-health-free-courses
<GET https://click.linksynergy.com/deeplink?id=EHFxW6yx8Uo&mid=40328&murl=https%3A%2F%2Fwww.coursera.org%2Flearn%2Fpsychological-first-aid%3Fedocomorp%3Dwellness-free-courses>,https://click.linksynergy.com/deeplink?id=EHFxW6yx8Uo&mid=40328&murl=https%3A%2F%2Fwww.coursera.org%2Flearn%2Fpsychological-first-aid%3Fedocomorp%3Dwellness-free-courses
<GET https://click.linksynergy.com/deeplink?id=EHFxW6yx8Uo&mid=40328&murl=https%3A%2F%2Fwww.coursera.org%2Flearn%2Fsocial-psychology%3Fedocomorp%3Dfree-courses-college-students>,https://click.linksynergy.com/deeplink?id=EHFxW6yx8Uo&mid=40328&murl=https%3A%2F%2Fwww.coursera.org%2Flearn%2Fsocial-psychology%3Fedocomorp%3Dfree-courses-college-students
<GET https://click.linksynergy.com/deeplink?id=EHFxW6yx8Uo&mid=40328&murl=https%3A%2F%2Fwww.coursera.org%2Flearn%2Fhappiness%3Fedocomorp%3Dwellness-free-courses>,https://click.linksynergy.com/deeplink?id=EHFxW6yx8Uo&mid=40328&murl=https%3A%2F%2Fwww.coursera.org%2Flearn%2Fhappiness%3Fedocomorp%3Dwellness-free-courses
<GET https://click.linksynergy.com/deeplink?id=EHFxW6yx8Uo&mid=40328&murl=https%3A%2F%2Fwww.coursera.org%2Flearn%2Fphysiology%3Fedocomorp%3Dfree-courses-high-school>,https://click.linksynergy.com/deeplink?id=EHFxW6yx8Uo&mid=40328&murl=https%3A%2F%2Fwww.coursera.org%2Flearn%2Fphysiology%3Fedocomorp%3Dfree-courses-high-school
<GET https://click.linksynergy.com/deeplink?id=EHFxW6yx8Uo&mid=40328&murl=https%3A%2F%2Fwww.coursera.org%2Flearn%2Fepidemiology%3Fedocomorp%3Dpublic-health-free-courses>,https://click.linksynergy.com/deeplink?id=EHFxW6yx8Uo&mid=40328&murl=https%3A%2F%2Fwww.coursera.org%2Flearn%2Fepidemiology%3Fedocomorp%3Dpublic-health-free-courses
<GET https://click.linksynergy.com/deeplink?id=EHFxW6yx8Uo&mid=40328&murl=https%3A%2F%2Fwww.coursera.org%2Flearn%2Fessentials-global-health%3Fedocomorp%3Dpublic-health-free-courses>,https://click.linksynergy.com/deeplink?id=EHFxW6yx8Uo&mid=40328&murl=https%3A%2F%2Fwww.coursera.org%2Flearn%2Fessentials-global-health%3Fedocomorp%3Dpublic-health-free-courses
<GET https://click.linksynergy.com/deeplink?id=EHFxW6yx8Uo&mid=40328&murl=https%3A%2F%2Fwww.coursera.org%2Flearn%2Fecology-conservation%3Fedocomorp%3Dfree-courses-high-school>,https://click.linksynergy.com/deeplink?id=EHFxW6yx8Uo&mid=40328&murl=https%3A%2F%2Fwww.coursera.org%2Flearn%2Fecology-conservation%3Fedocomorp%3Dfree-courses-high-school
<GET https://click.linksynergy.com/deeplink?id=EHFxW6yx8Uo&mid=40328&murl=https%3A%2F%2Fwww.coursera.org%2Flearn%2Fepidemic-pandemic-outbreak%3Fedocomorp%3Dpublic-health-free-courses>,https://click.linksynergy.com/deeplink?id=EHFxW6yx8Uo&mid=40328&murl=https%3A%2F%2Fwww.coursera.org%2Flearn%2Fepidemic-pandemic-outbreak%3Fedocomorp%3Dpublic-health-free-courses
<GET https://click.linksynergy.com/deeplink?id=EHFxW6yx8Uo&mid=40328&murl=https%3A%2F%2Fwww.coursera.org%2Flearn%2Fglobal-health-overview%3Fedocomorp%3Dpublic-health-free-courses>,https://click.linksynergy.com/deeplink?id=EHFxW6yx8Uo&mid=40328&murl=https%3A%2F%2Fwww.coursera.org%2Flearn%2Fglobal-health-overview%3Fedocomorp%3Dpublic-health-free-courses
<GET https://click.linksynergy.com/deeplink?id=EHFxW6yx8Uo&mid=40328&murl=https%3A%2F%2Fwww.coursera.org%2Flearn%2Fdisaster-preparedness%3Fedocomorp%3Dpublic-health-free-courses>,https://click.linksynergy.com/deeplink?id=EHFxW6yx8Uo&mid=40328&murl=https%3A%2F%2Fwww.coursera.org%2Flearn%2Fdisaster-preparedness%3Fedocomorp%3Dpublic-health-free-courses
<GET https://click.linksynergy.com/deeplink?id=EHFxW6yx8Uo&mid=40328&murl=https%3A%2F%2Fwww.coursera.org%2Flearn%2Fscreening%3Fedocomorp%3Dpublic-health-free-courses>,https://click.linksynergy.com/deeplink?id=EHFxW6yx8Uo&mid=40328&murl=https%3A%2F%2Fwww.coursera.org%2Flearn%2Fscreening%3Fedocomorp%3Dpublic-health-free-courses
<GET https://click.linksynergy.com/deeplink?id=EHFxW6yx8Uo&mid=40328&murl=https%3A%2F%2Fwww.coursera.org%2Flearn%2Fcommunicating-during-global-emergencies%3Fedocomorp%3Dpublic-health-free-courses>,https://click.linksynergy.com/deeplink?id=EHFxW6yx8Uo&mid=40328&murl=https%3A%2F%2Fwww.coursera.org%2Flearn%2Fcommunicating-during-global-emergencies%3Fedocomorp%3Dpublic-health-free-courses
<GET https://click.linksynergy.com/deeplink?id=EHFxW6yx8Uo&mid=40328&murl=https%3A%2F%2Fwww.coursera.org%2Flearn%2Finfection-prevention%3Fedocomorp%3Dpublic-health-free-courses>,https://click.linksynergy.com/deeplink?id=EHFxW6yx8Uo&mid=40328&murl=https%3A%2F%2Fwww.coursera.org%2Flearn%2Finfection-prevention%3Fedocomorp%3Dpublic-health-free-courses
<GET https://click.linksynergy.com/deeplink?id=EHFxW6yx8Uo&mid=40328&murl=https%3A%2F%2Fwww.coursera.org%2Flearn%2Fdisease-clusters%3Fedocomorp%3Dpublic-health-free-courses>,https://click.linksynergy.com/deeplink?id=EHFxW6yx8Uo&mid=40328&murl=https%3A%2F%2Fwww.coursera.org%2Flearn%2Fdisease-clusters%3Fedocomorp%3Dpublic-health-free-courses
<GET https://click.linksynergy.com/deeplink?id=EHFxW6yx8Uo&mid=40328&murl=https%3A%2F%2Fwww.coursera.org%2Flearn%2Fglobal-health%3Fedocomorp%3Dpublic-health-free-courses>,https://click.linksynergy.com/deeplink?id=EHFxW6yx8Uo&mid=40328&murl=https%3A%2F%2Fwww.coursera.org%2Flearn%2Fglobal-health%3Fedocomorp%3Dpublic-health-free-courses
<GET https://click.linksynergy.com/deeplink?id=EHFxW6yx8Uo&mid=40328&murl=https%3A%2F%2Fwww.coursera.org%2Flearn%2Fdog-emotion-and-cognition%3Fedocomorp%3Dfree-courses-high-school>,https://click.linksynergy.com/deeplink?id=EHFxW6yx8Uo&mid=40328&murl=https%3A%2F%2Fwww.coursera.org%2Flearn%2Fdog-emotion-and-cognition%3Fedocomorp%3Dfree-courses-high-school
<GET https://click.linksynergy.com/deeplink?id=EHFxW6yx8Uo&mid=40328&murl=https%3A%2F%2Fwww.coursera.org%2Flearn%2Fscience-exercise%3Fedocomorp%3Dwellness-free-courses>,https://click.linksynergy.com/deeplink?id=EHFxW6yx8Uo&mid=40328&murl=https%3A%2F%2Fwww.coursera.org%2Flearn%2Fscience-exercise%3Fedocomorp%3Dwellness-free-courses
<GET https://click.linksynergy.com/deeplink?id=EHFxW6yx8Uo&mid=40328&murl=https%3A%2F%2Fwww.coursera.org%2Flearn%2Fanimal-welfare%3Fedocomorp%3Dfree-courses-high-school>,https://click.linksynergy.com/deeplink?id=EHFxW6yx8Uo&mid=40328&murl=https%3A%2F%2Fwww.coursera.org%2Flearn%2Fanimal-welfare%3Fedocomorp%3Dfree-courses-high-school
<GET https://click.linksynergy.com/deeplink?id=EHFxW6yx8Uo&mid=40328&murl=https%3A%2F%2Fwww.coursera.org%2Flearn%2Fcats-and-dogs%3Fedocomorp%3Dfree-courses-high-school>,https://click.linksynergy.com/deeplink?id=EHFxW6yx8Uo&mid=40328&murl=https%3A%2F%2Fwww.coursera.org%2Flearn%2Fcats-and-dogs%3Fedocomorp%3Dfree-courses-high-school
<GET https://click.linksynergy.com/deeplink?id=EHFxW6yx8Uo&mid=40328&murl=https%3A%2F%2Fwww.coursera.org%2Flearn%2Fdino101%3Fedocomorp%3Dfree-courses-high-school>,https://click.linksynergy.com/deeplink?id=EHFxW6yx8Uo&mid=40328&murl=https%3A%2F%2Fwww.coursera.org%2Flearn%2Fdino101%3Fedocomorp%3Dfree-courses-high-school
<GET https://click.linksynergy.com/deeplink?id=EHFxW6yx8Uo&mid=40328&murl=https%3A%2F%2Fwww.coursera.org%2Flearn%2Fbugs-101%3Fedocomorp%3Dfree-courses-high-school>,https://click.linksynergy.com/deeplink?id=EHFxW6yx8Uo&mid=40328&murl=https%3A%2F%2Fwww.coursera.org%2Flearn%2Fbugs-101%3Fedocomorp%3Dfree-courses-high-school
<GET https://click.linksynergy.com/deeplink?id=EHFxW6yx8Uo&mid=40328&murl=https%3A%2F%2Fwww.coursera.org%2Flearn%2Fcovid-19-what-you-need-to-know%3Fedocomorp%3Dpublic-health-free-courses>,https://click.linksynergy.com/deeplink?id=EHFxW6yx8Uo&mid=40328&murl=https%3A%2F%2Fwww.coursera.org%2Flearn%2Fcovid-19-what-you-need-to-know%3Fedocomorp%3Dpublic-health-free-courses
<GET https://click.linksynergy.com/deeplink?id=EHFxW6yx8Uo&mid=40328&murl=https%3A%2F%2Fwww.coursera.org%2Flearn%2Fcovid-19%3Fedocomorp%3Dpublic-health-free-courses>,https://click.linksynergy.com/deeplink?id=EHFxW6yx8Uo&mid=40328&murl=https%3A%2F%2Fwww.coursera.org%2Flearn%2Fcovid-19%3Fedocomorp%3Dpublic-health-free-courses
<GET https://click.linksynergy.com/deeplink?id=EHFxW6yx8Uo&mid=40328&murl=https%3A%2F%2Fwww.coursera.org%2Flearn%2Fpsychological-first-aid%3Fedocomorp%3Dwellness-free-courses>,https://click.linksynergy.com/deeplink?id=EHFxW6yx8Uo&mid=40328&murl=https%3A%2F%2Fwww.coursera.org%2Flearn%2Fpsychological-first-aid%3Fedocomorp%3Dwellness-free-courses
<GET https://click.linksynergy.com/deeplink?id=EHFxW6yx8Uo&mid=40328&murl=https%3A%2F%2Fwww.coursera.org%2Flearn%2Fsocial-psychology%3Fedocomorp%3Dfree-courses-college-students>,https://click.linksynergy.com/deeplink?id=EHFxW6yx8Uo&mid=40328&murl=https%3A%2F%2Fwww.coursera.org%2Flearn%2Fsocial-psychology%3Fedocomorp%3Dfree-courses-college-students
<GET https://click.linksynergy.com/deeplink?id=EHFxW6yx8Uo&mid=40328&murl=https%3A%2F%2Fwww.coursera.org%2Flearn%2Fhappiness%3Fedocomorp%3Dwellness-free-courses>,https://click.linksynergy.com/deeplink?id=EHFxW6yx8Uo&mid=40328&murl=https%3A%2F%2Fwww.coursera.org%2Flearn%2Fhappiness%3Fedocomorp%3Dwellness-free-courses
<GET https://click.linksynergy.com/deeplink?id=EHFxW6yx8Uo&mid=40328&murl=https%3A%2F%2Fwww.coursera.org%2Flearn%2Fphysiology%3Fedocomorp%3Dfree-courses-high-school>,https://click.linksynergy.com/deeplink?id=EHFxW6yx8Uo&mid=40328&murl=https%3A%2F%2Fwww.coursera.org%2Flearn%2Fphysiology%3Fedocomorp%3Dfree-courses-high-school
<GET https://click.linksynergy.com/deeplink?id=EHFxW6yx8Uo&mid=40328&murl=https%3A%2F%2Fwww.coursera.org%2Flearn%2Fepidemiology%3Fedocomorp%3Dpublic-health-free-courses>,https://click.linksynergy.com/deeplink?id=EHFxW6yx8Uo&mid=40328&murl=https%3A%2F%2Fwww.coursera.org%2Flearn%2Fepidemiology%3Fedocomorp%3Dpublic-health-free-courses
<GET https://click.linksynergy.com/deeplink?id=EHFxW6yx8Uo&mid=40328&murl=https%3A%2F%2Fwww.coursera.org%2Flearn%2Fessentials-global-health%3Fedocomorp%3Dpublic-health-free-courses>,https://click.linksynergy.com/deeplink?id=EHFxW6yx8Uo&mid=40328&murl=https%3A%2F%2Fwww.coursera.org%2Flearn%2Fessentials-global-health%3Fedocomorp%3Dpublic-health-free-courses
<GET https://click.linksynergy.com/deeplink?id=EHFxW6yx8Uo&mid=40328&murl=https%3A%2F%2Fwww.coursera.org%2Flearn%2Fecology-conservation%3Fedocomorp%3Dfree-courses-high-school>,https://click.linksynergy.com/deeplink?id=EHFxW6yx8Uo&mid=40328&murl=https%3A%2F%2Fwww.coursera.org%2Flearn%2Fecology-conservation%3Fedocomorp%3Dfree-courses-high-school
<GET https://click.linksynergy.com/deeplink?id=EHFxW6yx8Uo&mid=40328&murl=https%3A%2F%2Fwww.coursera.org%2Flearn%2Fepidemic-pandemic-outbreak%3Fedocomorp%3Dpublic-health-free-courses>,https://click.linksynergy.com/deeplink?id=EHFxW6yx8Uo&mid=40328&murl=https%3A%2F%2Fwww.coursera.org%2Flearn%2Fepidemic-pandemic-outbreak%3Fedocomorp%3Dpublic-health-free-courses
<GET https://click.linksynergy.com/deeplink?id=EHFxW6yx8Uo&mid=40328&murl=https%3A%2F%2Fwww.coursera.org%2Flearn%2Fglobal-health-overview%3Fedocomorp%3Dpublic-health-free-courses>,https://click.linksynergy.com/deeplink?id=EHFxW6yx8Uo&mid=40328&murl=https%3A%2F%2Fwww.coursera.org%2Flearn%2Fglobal-health-overview%3Fedocomorp%3Dpublic-health-free-courses
<GET https://click.linksynergy.com/deeplink?id=EHFxW6yx8Uo&mid=40328&murl=https%3A%2F%2Fwww.coursera.org%2Flearn%2Fdisaster-preparedness%3Fedocomorp%3Dpublic-health-free-courses>,https://click.linksynergy.com/deeplink?id=EHFxW6yx8Uo&mid=40328&murl=https%3A%2F%2Fwww.coursera.org%2Flearn%2Fdisaster-preparedness%3Fedocomorp%3Dpublic-health-free-courses
<GET https://click.linksynergy.com/deeplink?id=EHFxW6yx8Uo&mid=40328&murl=https%3A%2F%2Fwww.coursera.org%2Flearn%2Fscreening%3Fedocomorp%3Dpublic-health-free-courses>,https://click.linksynergy.com/deeplink?id=EHFxW6yx8Uo&mid=40328&murl=https%3A%2F%2Fwww.coursera.org%2Flearn%2Fscreening%3Fedocomorp%3Dpublic-health-free-courses
<GET https://click.linksynergy.com/deeplink?id=EHFxW6yx8Uo&mid=40328&murl=https%3A%2F%2Fwww.coursera.org%2Flearn%2Fcommunicating-during-global-emergencies%3Fedocomorp%3Dpublic-health-free-courses>,https://click.linksynergy.com/deeplink?id=EHFxW6yx8Uo&mid=40328&murl=https%3A%2F%2Fwww.coursera.org%2Flearn%2Fcommunicating-during-global-emergencies%3Fedocomorp%3Dpublic-health-free-courses
<GET https://click.linksynergy.com/deeplink?id=EHFxW6yx8Uo&mid=40328&murl=https%3A%2F%2Fwww.coursera.org%2Flearn%2Finfection-prevention%3Fedocomorp%3Dpublic-health-free-courses>,https://click.linksynergy.com/deeplink?id=EHFxW6yx8Uo&mid=40328&murl=https%3A%2F%2Fwww.coursera.org%2Flearn%2Finfection-prevention%3Fedocomorp%3Dpublic-health-free-courses
<GET https://click.linksynergy.com/deeplink?id=EHFxW6yx8Uo&mid=40328&murl=https%3A%2F%2Fwww.coursera.org%2Flearn%2Fdisease-clusters%3Fedocomorp%3Dpublic-health-free-courses>,https://click.linksynergy.com/deeplink?id=EHFxW6yx8Uo&mid=40328&murl=https%3A%2F%2Fwww.coursera.org%2Flearn%2Fdisease-clusters%3Fedocomorp%3Dpublic-health-free-courses
<GET https://click.linksynergy.com/deeplink?id=EHFxW6yx8Uo&mid=40328&murl=https%3A%2F%2Fwww.coursera.org%2Flearn%2Fglobal-health%3Fedocomorp%3Dpublic-health-free-courses>,https://click.linksynergy.com/deeplink?id=EHFxW6yx8Uo&mid=40328&murl=https%3A%2F%2Fwww.coursera.org%2Flearn%2Fglobal-health%3Fedocomorp%3Dpublic-health-free-courses
<GET https://click.linksynergy.com/deeplink?id=EHFxW6yx8Uo&mid=40328&murl=https%3A%2F%2Fwww.coursera.org%2Flearn%2Fdog-emotion-and-cognition%3Fedocomorp%3Dfree-courses-high-school>,https://click.linksynergy.com/deeplink?id=EHFxW6yx8Uo&mid=40328&murl=https%3A%2F%2Fwww.coursera.org%2Flearn%2Fdog-emotion-and-cognition%3Fedocomorp%3Dfree-courses-high-school
<GET https://click.linksynergy.com/deeplink?id=EHFxW6yx8Uo&mid=40328&murl=https%3A%2F%2Fwww.coursera.org%2Flearn%2Fscience-exercise%3Fedocomorp%3Dwellness-free-courses>,https://click.linksynergy.com/deeplink?id=EHFxW6yx8Uo&mid=40328&murl=https%3A%2F%2Fwww.coursera.org%2Flearn%2Fscience-exercise%3Fedocomorp%3Dwellness-free-courses
<GET https://click.linksynergy.com/deeplink?id=EHFxW6yx8Uo&mid=40328&murl=https%3A%2F%2Fwww.coursera.org%2Flearn%2Fanimal-welfare%3Fedocomorp%3Dfree-courses-high-school>,https://click.linksynergy.com/deeplink?id=EHFxW6yx8Uo&mid=40328&murl=https%3A%2F%2Fwww.coursera.org%2Flearn%2Fanimal-welfare%3Fedocomorp%3Dfree-courses-high-school
<GET https://click.linksynergy.com/deeplink?id=EHFxW6yx8Uo&mid=40328&murl=https%3A%2F%2Fwww.coursera.org%2Flearn%2Fcats-and-dogs%3Fedocomorp%3Dfree-courses-high-school>,https://click.linksynergy.com/deeplink?id=EHFxW6yx8Uo&mid=40328&murl=https%3A%2F%2Fwww.coursera.org%2Flearn%2Fcats-and-dogs%3Fedocomorp%3Dfree-courses-high-school
<GET https://click.linksynergy.com/deeplink?id=EHFxW6yx8Uo&mid=40328&murl=https%3A%2F%2Fwww.coursera.org%2Flearn%2Fdino101%3Fedocomorp%3Dfree-courses-high-school>,https://click.linksynergy.com/deeplink?id=EHFxW6yx8Uo&mid=40328&murl=https%3A%2F%2Fwww.coursera.org%2Flearn%2Fdino101%3Fedocomorp%3Dfree-courses-high-school
<GET https://click.linksynergy.com/deeplink?id=EHFxW6yx8Uo&mid=40328&murl=https%3A%2F%2Fwww.coursera.org%2Flearn%2Fbugs-101%3Fedocomorp%3Dfree-courses-high-school>,https://click.linksynergy.com/deeplink?id=EHFxW6yx8Uo&mid=40328&murl=https%3A%2F%2Fwww.coursera.org%2Flearn%2Fbugs-101%3Fedocomorp%3Dfree-courses-high-school
<GET https://click.linksynergy.com/deeplink?id=EHFxW6yx8Uo&mid=40328&murl=https%3A%2F%2Fwww.coursera.org%2Flearn%2Fphilosophy%3Fedocomorp%3Dfree-courses-college-students>,https://click.linksynergy.com/deeplink?id=EHFxW6yx8Uo&mid=40328&murl=https%3A%2F%2Fwww.coursera.org%2Flearn%2Fphilosophy%3Fedocomorp%3Dfree-courses-college-students
<GET https://click.linksynergy.com/deeplink?id=EHFxW6yx8Uo&mid=40328&murl=https%3A%2F%2Fwww.coursera.org%2Flearn%2Ffashion-design%3Fedocomorp%3Dfree-courses-high-school>,https://click.linksynergy.com/deeplink?id=EHFxW6yx8Uo&mid=40328&murl=https%3A%2F%2Fwww.coursera.org%2Flearn%2Ffashion-design%3Fedocomorp%3Dfree-courses-high-school
<GET https://click.linksynergy.com/deeplink?id=EHFxW6yx8Uo&mid=40328&murl=https%3A%2F%2Fwww.coursera.org%2Flearn%2Fmaking-architecture%3Fedocomorp%3Dfree-courses-high-school>,https://click.linksynergy.com/deeplink?id=EHFxW6yx8Uo&mid=40328&murl=https%3A%2F%2Fwww.coursera.org%2Flearn%2Fmaking-architecture%3Fedocomorp%3Dfree-courses-high-school
<GET https://click.linksynergy.com/deeplink?id=EHFxW6yx8Uo&mid=40328&murl=https%3A%2F%2Fwww.coursera.org%2Flearn%2Fmusic-theory%3Fedocomorp%3Dfree-courses-high-school>,https://click.linksynergy.com/deeplink?id=EHFxW6yx8Uo&mid=40328&murl=https%3A%2F%2Fwww.coursera.org%2Flearn%2Fmusic-theory%3Fedocomorp%3Dfree-courses-high-school
<GET https://click.linksynergy.com/deeplink?id=EHFxW6yx8Uo&mid=40328&murl=https%3A%2F%2Fwww.coursera.org%2Flearn%2Fbig-history%3Fedocomorp%3Dfree-courses-high-school>,https://click.linksynergy.com/deeplink?id=EHFxW6yx8Uo&mid=40328&murl=https%3A%2F%2Fwww.coursera.org%2Flearn%2Fbig-history%3Fedocomorp%3Dfree-courses-high-school
<GET https://click.linksynergy.com/deeplink?id=EHFxW6yx8Uo&mid=40328&murl=https%3A%2F%2Fwww.coursera.org%2Flearn%2Fguitar%3Fedocomorp%3Dfree-courses-high-school>,https://click.linksynergy.com/deeplink?id=EHFxW6yx8Uo&mid=40328&murl=https%3A%2F%2Fwww.coursera.org%2Flearn%2Fguitar%3Fedocomorp%3Dfree-courses-high-school
<GET https://click.linksynergy.com/deeplink?id=EHFxW6yx8Uo&mid=40328&murl=https%3A%2F%2Fwww.coursera.org%2Flearn%2Fdesign-language%3Fedocomorp%3Dfree-courses-college-students>,https://click.linksynergy.com/deeplink?id=EHFxW6yx8Uo&mid=40328&murl=https%3A%2F%2Fwww.coursera.org%2Flearn%2Fdesign-language%3Fedocomorp%3Dfree-courses-college-students
<GET https://click.linksynergy.com/deeplink?id=EHFxW6yx8Uo&mid=40328&murl=https%3A%2F%2Fwww.coursera.org%2Flearn%2Fphilosophy%3Fedocomorp%3Dfree-courses-college-students>,https://click.linksynergy.com/deeplink?id=EHFxW6yx8Uo&mid=40328&murl=https%3A%2F%2Fwww.coursera.org%2Flearn%2Fphilosophy%3Fedocomorp%3Dfree-courses-college-students
<GET https://click.linksynergy.com/deeplink?id=EHFxW6yx8Uo&mid=40328&murl=https%3A%2F%2Fwww.coursera.org%2Flearn%2Ffashion-design%3Fedocomorp%3Dfree-courses-high-school>,https://click.linksynergy.com/deeplink?id=EHFxW6yx8Uo&mid=40328&murl=https%3A%2F%2Fwww.coursera.org%2Flearn%2Ffashion-design%3Fedocomorp%3Dfree-courses-high-school
<GET https://click.linksynergy.com/deeplink?id=EHFxW6yx8Uo&mid=40328&murl=https%3A%2F%2Fwww.coursera.org%2Flearn%2Fmaking-architecture%3Fedocomorp%3Dfree-courses-high-school>,https://click.linksynergy.com/deeplink?id=EHFxW6yx8Uo&mid=40328&murl=https%3A%2F%2Fwww.coursera.org%2Flearn%2Fmaking-architecture%3Fedocomorp%3Dfree-courses-high-school
<GET https://click.linksynergy.com/deeplink?id=EHFxW6yx8Uo&mid=40328&murl=https%3A%2F%2Fwww.coursera.org%2Flearn%2Fmusic-theory%3Fedocomorp%3Dfree-courses-high-school>,https://click.linksynergy.com/deeplink?id=EHFxW6yx8Uo&mid=40328&murl=https%3A%2F%2Fwww.coursera.org%2Flearn%2Fmusic-theory%3Fedocomorp%3Dfree-courses-high-school
<GET https://click.linksynergy.com/deeplink?id=EHFxW6yx8Uo&mid=40328&murl=https%3A%2F%2Fwww.coursera.org%2Flearn%2Fbig-history%3Fedocomorp%3Dfree-courses-high-school>,https://click.linksynergy.com/deeplink?id=EHFxW6yx8Uo&mid=40328&murl=https%3A%2F%2Fwww.coursera.org%2Flearn%2Fbig-history%3Fedocomorp%3Dfree-courses-high-school
<GET https://click.linksynergy.com/deeplink?id=EHFxW6yx8Uo&mid=40328&murl=https%3A%2F%2Fwww.coursera.org%2Flearn%2Fguitar%3Fedocomorp%3Dfree-courses-high-school>,https://click.linksynergy.com/deeplink?id=EHFxW6yx8Uo&mid=40328&murl=https%3A%2F%2Fwww.coursera.org%2Flearn%2Fguitar%3Fedocomorp%3Dfree-courses-high-school
<GET https://click.linksynergy.com/deeplink?id=EHFxW6yx8Uo&mid=40328&murl=https%3A%2F%2Fwww.coursera.org%2Flearn%2Fdesign-language%3Fedocomorp%3Dfree-courses-college-students>,https://click.linksynergy.com/deeplink?id=EHFxW6yx8Uo&mid=40328&murl=https%3A%2F%2Fwww.coursera.org%2Flearn%2Fdesign-language%3Fedocomorp%3Dfree-courses-college-students
<GET https://click.linksynergy.com/deeplink?id=EHFxW6yx8Uo&mid=40328&murl=https%3A%2F%2Fwww.coursera.org%2Flearn%2Fuva-darden-market-analytics%3Fedocomorp%3Dfree-courses-college-students>,https://click.linksynergy.com/deeplink?id=EHFxW6yx8Uo&mid=40328&murl=https%3A%2F%2Fwww.coursera.org%2Flearn%2Fuva-darden-market-analytics%3Fedocomorp%3Dfree-courses-college-students
<GET https://click.linksynergy.com/deeplink?id=EHFxW6yx8Uo&mid=40328&murl=https%3A%2F%2Fwww.coursera.org%2Flearn%2Fcontent-marketing%3Fedocomorp%3Dfree-courses-college-students>,https://click.linksynergy.com/deeplink?id=EHFxW6yx8Uo&mid=40328&murl=https%3A%2F%2Fwww.coursera.org%2Flearn%2Fcontent-marketing%3Fedocomorp%3Dfree-courses-college-students
<GET https://click.linksynergy.com/deeplink?id=EHFxW6yx8Uo&mid=40328&murl=https%3A%2F%2Fwww.coursera.org%2Flearn%2Ffamily-planning%3Fedocomorp%3Dcareer-development-free>,https://click.linksynergy.com/deeplink?id=EHFxW6yx8Uo&mid=40328&murl=https%3A%2F%2Fwww.coursera.org%2Flearn%2Ffamily-planning%3Fedocomorp%3Dcareer-development-free
<GET https://click.linksynergy.com/deeplink?id=EHFxW6yx8Uo&mid=40328&murl=https%3A%2F%2Fwww.coursera.org%2Flearn%2Fcompany-future-management%3Fedocomorp%3Dcareer-development-free>,https://click.linksynergy.com/deeplink?id=EHFxW6yx8Uo&mid=40328&murl=https%3A%2F%2Fwww.coursera.org%2Flearn%2Fcompany-future-management%3Fedocomorp%3Dcareer-development-free
<GET https://click.linksynergy.com/deeplink?id=EHFxW6yx8Uo&mid=40328&murl=https%3A%2F%2Fwww.coursera.org%2Flearn%2Fsocial-innovation%3Fedocomorp%3Dfree-courses-college-students>,https://click.linksynergy.com/deeplink?id=EHFxW6yx8Uo&mid=40328&murl=https%3A%2F%2Fwww.coursera.org%2Flearn%2Fsocial-innovation%3Fedocomorp%3Dfree-courses-college-students
<GET https://click.linksynergy.com/deeplink?id=EHFxW6yx8Uo&mid=40328&murl=https%3A%2F%2Fwww.coursera.org%2Flearn%2Fcommunication-strategies-virtual-age%3Fedocomorp%3Dcareer-development-free>,https://click.linksynergy.com/deeplink?id=EHFxW6yx8Uo&mid=40328&murl=https%3A%2F%2Fwww.coursera.org%2Flearn%2Fcommunication-strategies-virtual-age%3Fedocomorp%3Dcareer-development-free
<GET https://click.linksynergy.com/deeplink?id=EHFxW6yx8Uo&mid=40328&murl=https%3A%2F%2Fwww.coursera.org%2Flearn%2Fdesign%3Fedocomorp%3Dfree-courses-college-students>,https://click.linksynergy.com/deeplink?id=EHFxW6yx8Uo&mid=40328&murl=https%3A%2F%2Fwww.coursera.org%2Flearn%2Fdesign%3Fedocomorp%3Dfree-courses-college-students
<GET https://click.linksynergy.com/deeplink?id=EHFxW6yx8Uo&mid=40328&murl=https%3A%2F%2Fwww.coursera.org%2Flearn%2Fsuccess%3Fedocomorp%3Dfree-courses-high-school>,https://click.linksynergy.com/deeplink?id=EHFxW6yx8Uo&mid=40328&murl=https%3A%2F%2Fwww.coursera.org%2Flearn%2Fsuccess%3Fedocomorp%3Dfree-courses-high-school
<GET https://click.linksynergy.com/deeplink?id=EHFxW6yx8Uo&mid=40328&murl=https%3A%2F%2Fwww.coursera.org%2Flearn%2Fteamwork-skills-effective-communication%3Fedocomorp%3Dcareer-development-free>,https://click.linksynergy.com/deeplink?id=EHFxW6yx8Uo&mid=40328&murl=https%3A%2F%2Fwww.coursera.org%2Flearn%2Fteamwork-skills-effective-communication%3Fedocomorp%3Dcareer-development-free
<GET https://click.linksynergy.com/deeplink?id=EHFxW6yx8Uo&mid=40328&murl=https%3A%2F%2Fwww.coursera.org%2Flearn%2Fuva-darden-business-society%3Fedocomorp%3Dfree-courses-college-students>,https://click.linksynergy.com/deeplink?id=EHFxW6yx8Uo&mid=40328&murl=https%3A%2F%2Fwww.coursera.org%2Flearn%2Fuva-darden-business-society%3Fedocomorp%3Dfree-courses-college-students
<GET https://click.linksynergy.com/deeplink?id=EHFxW6yx8Uo&mid=40328&murl=https%3A%2F%2Fwww.coursera.org%2Flearn%2Fuva-darden-market-analytics%3Fedocomorp%3Dfree-courses-college-students>,https://click.linksynergy.com/deeplink?id=EHFxW6yx8Uo&mid=40328&murl=https%3A%2F%2Fwww.coursera.org%2Flearn%2Fuva-darden-market-analytics%3Fedocomorp%3Dfree-courses-college-students
<GET https://click.linksynergy.com/deeplink?id=EHFxW6yx8Uo&mid=40328&murl=https%3A%2F%2Fwww.coursera.org%2Flearn%2Fcontent-marketing%3Fedocomorp%3Dfree-courses-college-students>,https://click.linksynergy.com/deeplink?id=EHFxW6yx8Uo&mid=40328&murl=https%3A%2F%2Fwww.coursera.org%2Flearn%2Fcontent-marketing%3Fedocomorp%3Dfree-courses-college-students
<GET https://click.linksynergy.com/deeplink?id=EHFxW6yx8Uo&mid=40328&murl=https%3A%2F%2Fwww.coursera.org%2Flearn%2Ffamily-planning%3Fedocomorp%3Dcareer-development-free>,https://click.linksynergy.com/deeplink?id=EHFxW6yx8Uo&mid=40328&murl=https%3A%2F%2Fwww.coursera.org%2Flearn%2Ffamily-planning%3Fedocomorp%3Dcareer-development-free
<GET https://click.linksynergy.com/deeplink?id=EHFxW6yx8Uo&mid=40328&murl=https%3A%2F%2Fwww.coursera.org%2Flearn%2Fcompany-future-management%3Fedocomorp%3Dcareer-development-free>,https://click.linksynergy.com/deeplink?id=EHFxW6yx8Uo&mid=40328&murl=https%3A%2F%2Fwww.coursera.org%2Flearn%2Fcompany-future-management%3Fedocomorp%3Dcareer-development-free
<GET https://click.linksynergy.com/deeplink?id=EHFxW6yx8Uo&mid=40328&murl=https%3A%2F%2Fwww.coursera.org%2Flearn%2Fsocial-innovation%3Fedocomorp%3Dfree-courses-college-students>,https://click.linksynergy.com/deeplink?id=EHFxW6yx8Uo&mid=40328&murl=https%3A%2F%2Fwww.coursera.org%2Flearn%2Fsocial-innovation%3Fedocomorp%3Dfree-courses-college-students
<GET https://click.linksynergy.com/deeplink?id=EHFxW6yx8Uo&mid=40328&murl=https%3A%2F%2Fwww.coursera.org%2Flearn%2Fcommunication-strategies-virtual-age%3Fedocomorp%3Dcareer-development-free>,https://click.linksynergy.com/deeplink?id=EHFxW6yx8Uo&mid=40328&murl=https%3A%2F%2Fwww.coursera.org%2Flearn%2Fcommunication-strategies-virtual-age%3Fedocomorp%3Dcareer-development-free
<GET https://click.linksynergy.com/deeplink?id=EHFxW6yx8Uo&mid=40328&murl=https%3A%2F%2Fwww.coursera.org%2Flearn%2Fdesign%3Fedocomorp%3Dfree-courses-college-students>,https://click.linksynergy.com/deeplink?id=EHFxW6yx8Uo&mid=40328&murl=https%3A%2F%2Fwww.coursera.org%2Flearn%2Fdesign%3Fedocomorp%3Dfree-courses-college-students
<GET https://click.linksynergy.com/deeplink?id=EHFxW6yx8Uo&mid=40328&murl=https%3A%2F%2Fwww.coursera.org%2Flearn%2Fsuccess%3Fedocomorp%3Dfree-courses-high-school>,https://click.linksynergy.com/deeplink?id=EHFxW6yx8Uo&mid=40328&murl=https%3A%2F%2Fwww.coursera.org%2Flearn%2Fsuccess%3Fedocomorp%3Dfree-courses-high-school
<GET https://click.linksynergy.com/deeplink?id=EHFxW6yx8Uo&mid=40328&murl=https%3A%2F%2Fwww.coursera.org%2Flearn%2Fteamwork-skills-effective-communication%3Fedocomorp%3Dcareer-development-free>,https://click.linksynergy.com/deeplink?id=EHFxW6yx8Uo&mid=40328&murl=https%3A%2F%2Fwww.coursera.org%2Flearn%2Fteamwork-skills-effective-communication%3Fedocomorp%3Dcareer-development-free
<GET https://click.linksynergy.com/deeplink?id=EHFxW6yx8Uo&mid=40328&murl=https%3A%2F%2Fwww.coursera.org%2Flearn%2Fuva-darden-business-society%3Fedocomorp%3Dfree-courses-college-students>,https://click.linksynergy.com/deeplink?id=EHFxW6yx8Uo&mid=40328&murl=https%3A%2F%2Fwww.coursera.org%2Flearn%2Fuva-darden-business-society%3Fedocomorp%3Dfree-courses-college-students
<GET https://click.linksynergy.com/deeplink?id=EHFxW6yx8Uo&mid=40328&murl=https%3A%2F%2Fwww.coursera.org%2Flearn%2Fprobability-statistics%3Fedocomorp%3Dfree-courses-high-school>,https://click.linksynergy.com/deeplink?id=EHFxW6yx8Uo&mid=40328&murl=https%3A%2F%2Fwww.coursera.org%2Flearn%2Fprobability-statistics%3Fedocomorp%3Dfree-courses-high-school
<GET https://click.linksynergy.com/deeplink?id=EHFxW6yx8Uo&mid=40328&murl=https%3A%2F%2Fwww.coursera.org%2Flearn%2Fprobability-statistics%3Fedocomorp%3Dfree-courses-high-school>,https://click.linksynergy.com/deeplink?id=EHFxW6yx8Uo&mid=40328&murl=https%3A%2F%2Fwww.coursera.org%2Flearn%2Fprobability-statistics%3Fedocomorp%3Dfree-courses-high-school
<GET https://click.linksynergy.com/deeplink?id=EHFxW6yx8Uo&mid=40328&murl=https%3A%2F%2Fwww.coursera.org%2Flearn%2Fmatlab%3Fedocomorp%3Dfree-courses-college-students>,https://click.linksynergy.com/deeplink?id=EHFxW6yx8Uo&mid=40328&murl=https%3A%2F%2Fwww.coursera.org%2Flearn%2Fmatlab%3Fedocomorp%3Dfree-courses-college-students
<GET https://click.linksynergy.com/deeplink?id=EHFxW6yx8Uo&mid=40328&murl=https%3A%2F%2Fwww.coursera.org%2Flearn%2Fc-plus-plus-a%3Fedocomorp%3Dfree-courses-high-school>,https://click.linksynergy.com/deeplink?id=EHFxW6yx8Uo&mid=40328&murl=https%3A%2F%2Fwww.coursera.org%2Flearn%2Fc-plus-plus-a%3Fedocomorp%3Dfree-courses-high-school
<GET https://click.linksynergy.com/deeplink?id=EHFxW6yx8Uo&mid=40328&murl=https%3A%2F%2Fwww.coursera.org%2Flearn%2Fcomputer-vision-basics%3Fedocomorp%3Dfree-courses-college-students>,https://click.linksynergy.com/deeplink?id=EHFxW6yx8Uo&mid=40328&murl=https%3A%2F%2Fwww.coursera.org%2Flearn%2Fcomputer-vision-basics%3Fedocomorp%3Dfree-courses-college-students
<GET https://click.linksynergy.com/deeplink?id=EHFxW6yx8Uo&mid=40328&murl=https%3A%2F%2Fwww.coursera.org%2Flearn%2Fintro-programming%3Fedocomorp%3Dfree-courses-high-school>,https://click.linksynergy.com/deeplink?id=EHFxW6yx8Uo&mid=40328&murl=https%3A%2F%2Fwww.coursera.org%2Flearn%2Fintro-programming%3Fedocomorp%3Dfree-courses-high-school
<GET https://click.linksynergy.com/deeplink?id=EHFxW6yx8Uo&mid=40328&murl=https%3A%2F%2Fwww.coursera.org%2Flearn%2Fandroid-app%3Fedocomorp%3Dfree-courses-college-students>,https://click.linksynergy.com/deeplink?id=EHFxW6yx8Uo&mid=40328&murl=https%3A%2F%2Fwww.coursera.org%2Flearn%2Fandroid-app%3Fedocomorp%3Dfree-courses-college-students
<GET https://click.linksynergy.com/deeplink?id=EHFxW6yx8Uo&mid=40328&murl=https%3A%2F%2Fwww.coursera.org%2Flearn%2Falgorithms-part1%3Fedocomorp%3Dfree-courses-high-school>,https://click.linksynergy.com/deeplink?id=EHFxW6yx8Uo&mid=40328&murl=https%3A%2F%2Fwww.coursera.org%2Flearn%2Falgorithms-part1%3Fedocomorp%3Dfree-courses-high-school
<GET https://click.linksynergy.com/deeplink?id=EHFxW6yx8Uo&mid=40328&murl=https%3A%2F%2Fwww.coursera.org%2Flearn%2Falgorithms-part2%3Fedocomorp%3Dfree-courses-high-school>,https://click.linksynergy.com/deeplink?id=EHFxW6yx8Uo&mid=40328&murl=https%3A%2F%2Fwww.coursera.org%2Flearn%2Falgorithms-part2%3Fedocomorp%3Dfree-courses-high-school
<GET https://click.linksynergy.com/deeplink?id=EHFxW6yx8Uo&mid=40328&murl=https%3A%2F%2Fwww.coursera.org%2Flearn%2Fanalysis-of-algorithms%3Fedocomorp%3Dfree-courses-college-students>,https://click.linksynergy.com/deeplink?id=EHFxW6yx8Uo&mid=40328&murl=https%3A%2F%2Fwww.coursera.org%2Flearn%2Fanalysis-of-algorithms%3Fedocomorp%3Dfree-courses-college-students
<GET https://click.linksynergy.com/deeplink?id=EHFxW6yx8Uo&mid=40328&murl=https%3A%2F%2Fwww.coursera.org%2Flearn%2Fcs-algorithms-theory-machines%3Fedocomorp%3Dfree-courses-high-school>,https://click.linksynergy.com/deeplink?id=EHFxW6yx8Uo&mid=40328&murl=https%3A%2F%2Fwww.coursera.org%2Flearn%2Fcs-algorithms-theory-machines%3Fedocomorp%3Dfree-courses-high-school
<GET https://click.linksynergy.com/deeplink?id=EHFxW6yx8Uo&mid=40328&murl=https%3A%2F%2Fwww.coursera.org%2Flearn%2Fcs-programming-java%3Fedocomorp%3Dfree-courses-high-school>,https://click.linksynergy.com/deeplink?id=EHFxW6yx8Uo&mid=40328&murl=https%3A%2F%2Fwww.coursera.org%2Flearn%2Fcs-programming-java%3Fedocomorp%3Dfree-courses-high-school
<GET https://click.linksynergy.com/deeplink?id=EHFxW6yx8Uo&mid=40328&murl=https%3A%2F%2Fwww.coursera.org%2Flearn%2Fiiot-google-cloud-platform%3Fedocomorp%3Dcloud-technology-free-courses>,https://click.linksynergy.com/deeplink?id=EHFxW6yx8Uo&mid=40328&murl=https%3A%2F%2Fwww.coursera.org%2Flearn%2Fiiot-google-cloud-platform%3Fedocomorp%3Dcloud-technology-free-courses
<GET https://click.linksynergy.com/deeplink?id=EHFxW6yx8Uo&mid=40328&murl=https%3A%2F%2Fwww.coursera.org%2Flearn%2Fgcp-fundamentals-aws%3Fedocomorp%3Dcloud-technology-free-courses>,https://click.linksynergy.com/deeplink?id=EHFxW6yx8Uo&mid=40328&murl=https%3A%2F%2Fwww.coursera.org%2Flearn%2Fgcp-fundamentals-aws%3Fedocomorp%3Dcloud-technology-free-courses
<GET https://click.linksynergy.com/deeplink?id=EHFxW6yx8Uo&mid=40328&murl=https%3A%2F%2Fwww.coursera.org%2Flearn%2Ftcpip%3Fedocomorp%3Dcloud-technology-free-courses>,https://click.linksynergy.com/deeplink?id=EHFxW6yx8Uo&mid=40328&murl=https%3A%2F%2Fwww.coursera.org%2Flearn%2Ftcpip%3Fedocomorp%3Dcloud-technology-free-courses
<GET https://click.linksynergy.com/deeplink?id=EHFxW6yx8Uo&mid=40328&murl=https%3A%2F%2Fwww.coursera.org%2Flearn%2Fmatlab%3Fedocomorp%3Dfree-courses-college-students>,https://click.linksynergy.com/deeplink?id=EHFxW6yx8Uo&mid=40328&murl=https%3A%2F%2Fwww.coursera.org%2Flearn%2Fmatlab%3Fedocomorp%3Dfree-courses-college-students
<GET https://click.linksynergy.com/deeplink?id=EHFxW6yx8Uo&mid=40328&murl=https%3A%2F%2Fwww.coursera.org%2Flearn%2Fc-plus-plus-a%3Fedocomorp%3Dfree-courses-high-school>,https://click.linksynergy.com/deeplink?id=EHFxW6yx8Uo&mid=40328&murl=https%3A%2F%2Fwww.coursera.org%2Flearn%2Fc-plus-plus-a%3Fedocomorp%3Dfree-courses-high-school
<GET https://click.linksynergy.com/deeplink?id=EHFxW6yx8Uo&mid=40328&murl=https%3A%2F%2Fwww.coursera.org%2Flearn%2Fcomputer-vision-basics%3Fedocomorp%3Dfree-courses-college-students>,https://click.linksynergy.com/deeplink?id=EHFxW6yx8Uo&mid=40328&murl=https%3A%2F%2Fwww.coursera.org%2Flearn%2Fcomputer-vision-basics%3Fedocomorp%3Dfree-courses-college-students
<GET https://click.linksynergy.com/deeplink?id=EHFxW6yx8Uo&mid=40328&murl=https%3A%2F%2Fwww.coursera.org%2Flearn%2Fintro-programming%3Fedocomorp%3Dfree-courses-high-school>,https://click.linksynergy.com/deeplink?id=EHFxW6yx8Uo&mid=40328&murl=https%3A%2F%2Fwww.coursera.org%2Flearn%2Fintro-programming%3Fedocomorp%3Dfree-courses-high-school
<GET https://click.linksynergy.com/deeplink?id=EHFxW6yx8Uo&mid=40328&murl=https%3A%2F%2Fwww.coursera.org%2Flearn%2Fandroid-app%3Fedocomorp%3Dfree-courses-college-students>,https://click.linksynergy.com/deeplink?id=EHFxW6yx8Uo&mid=40328&murl=https%3A%2F%2Fwww.coursera.org%2Flearn%2Fandroid-app%3Fedocomorp%3Dfree-courses-college-students
<GET https://click.linksynergy.com/deeplink?id=EHFxW6yx8Uo&mid=40328&murl=https%3A%2F%2Fwww.coursera.org%2Flearn%2Falgorithms-part1%3Fedocomorp%3Dfree-courses-high-school>,https://click.linksynergy.com/deeplink?id=EHFxW6yx8Uo&mid=40328&murl=https%3A%2F%2Fwww.coursera.org%2Flearn%2Falgorithms-part1%3Fedocomorp%3Dfree-courses-high-school
<GET https://click.linksynergy.com/deeplink?id=EHFxW6yx8Uo&mid=40328&murl=https%3A%2F%2Fwww.coursera.org%2Flearn%2Falgorithms-part2%3Fedocomorp%3Dfree-courses-high-school>,https://click.linksynergy.com/deeplink?id=EHFxW6yx8Uo&mid=40328&murl=https%3A%2F%2Fwww.coursera.org%2Flearn%2Falgorithms-part2%3Fedocomorp%3Dfree-courses-high-school
<GET https://click.linksynergy.com/deeplink?id=EHFxW6yx8Uo&mid=40328&murl=https%3A%2F%2Fwww.coursera.org%2Flearn%2Fanalysis-of-algorithms%3Fedocomorp%3Dfree-courses-college-students>,https://click.linksynergy.com/deeplink?id=EHFxW6yx8Uo&mid=40328&murl=https%3A%2F%2Fwww.coursera.org%2Flearn%2Fanalysis-of-algorithms%3Fedocomorp%3Dfree-courses-college-students
<GET https://click.linksynergy.com/deeplink?id=EHFxW6yx8Uo&mid=40328&murl=https%3A%2F%2Fwww.coursera.org%2Flearn%2Fcs-algorithms-theory-machines%3Fedocomorp%3Dfree-courses-high-school>,https://click.linksynergy.com/deeplink?id=EHFxW6yx8Uo&mid=40328&murl=https%3A%2F%2Fwww.coursera.org%2Flearn%2Fcs-algorithms-theory-machines%3Fedocomorp%3Dfree-courses-high-school
<GET https://click.linksynergy.com/deeplink?id=EHFxW6yx8Uo&mid=40328&murl=https%3A%2F%2Fwww.coursera.org%2Flearn%2Fcs-programming-java%3Fedocomorp%3Dfree-courses-high-school>,https://click.linksynergy.com/deeplink?id=EHFxW6yx8Uo&mid=40328&murl=https%3A%2F%2Fwww.coursera.org%2Flearn%2Fcs-programming-java%3Fedocomorp%3Dfree-courses-high-school
<GET https://click.linksynergy.com/deeplink?id=EHFxW6yx8Uo&mid=40328&murl=https%3A%2F%2Fwww.coursera.org%2Flearn%2Fiiot-google-cloud-platform%3Fedocomorp%3Dcloud-technology-free-courses>,https://click.linksynergy.com/deeplink?id=EHFxW6yx8Uo&mid=40328&murl=https%3A%2F%2Fwww.coursera.org%2Flearn%2Fiiot-google-cloud-platform%3Fedocomorp%3Dcloud-technology-free-courses
<GET https://click.linksynergy.com/deeplink?id=EHFxW6yx8Uo&mid=40328&murl=https%3A%2F%2Fwww.coursera.org%2Flearn%2Fgcp-fundamentals-aws%3Fedocomorp%3Dcloud-technology-free-courses>,https://click.linksynergy.com/deeplink?id=EHFxW6yx8Uo&mid=40328&murl=https%3A%2F%2Fwww.coursera.org%2Flearn%2Fgcp-fundamentals-aws%3Fedocomorp%3Dcloud-technology-free-courses
<GET https://click.linksynergy.com/deeplink?id=EHFxW6yx8Uo&mid=40328&murl=https%3A%2F%2Fwww.coursera.org%2Flearn%2Ftcpip%3Fedocomorp%3Dcloud-technology-free-courses>,https://click.linksynergy.com/deeplink?id=EHFxW6yx8Uo&mid=40328&murl=https%3A%2F%2Fwww.coursera.org%2Flearn%2Ftcpip%3Fedocomorp%3Dcloud-technology-free-courses
<GET https://click.linksynergy.com/deeplink?id=EHFxW6yx8Uo&mid=40328&murl=https%3A%2F%2Fwww.coursera.org%2Flearn%2Fmachine-learning-business-professionals%3Fedocomorp%3Dcloud-technology-free-courses>,https://click.linksynergy.com/deeplink?id=EHFxW6yx8Uo&mid=40328&murl=https%3A%2F%2Fwww.coursera.org%2Flearn%2Fmachine-learning-business-professionals%3Fedocomorp%3Dcloud-technology-free-courses
<GET https://click.linksynergy.com/deeplink?id=EHFxW6yx8Uo&mid=40328&murl=https%3A%2F%2Fwww.coursera.org%2Flearn%2Fconversational-experiences-dialogflow%3Fedocomorp%3Dcloud-technology-free-courses>,https://click.linksynergy.com/deeplink?id=EHFxW6yx8Uo&mid=40328&murl=https%3A%2F%2Fwww.coursera.org%2Flearn%2Fconversational-experiences-dialogflow%3Fedocomorp%3Dcloud-technology-free-courses
<GET https://click.linksynergy.com/deeplink?id=EHFxW6yx8Uo&mid=40328&murl=https%3A%2F%2Fwww.coursera.org%2Flearn%2Fiiot-google-cloud-platform%3Fedocomorp%3Dcloud-technology-free-courses>,https://click.linksynergy.com/deeplink?id=EHFxW6yx8Uo&mid=40328&murl=https%3A%2F%2Fwww.coursera.org%2Flearn%2Fiiot-google-cloud-platform%3Fedocomorp%3Dcloud-technology-free-courses
<GET https://click.linksynergy.com/deeplink?id=EHFxW6yx8Uo&mid=40328&murl=https%3A%2F%2Fwww.coursera.org%2Flearn%2Fgcp-fundamentals-aws%3Fedocomorp%3Dcloud-technology-free-courses>,https://click.linksynergy.com/deeplink?id=EHFxW6yx8Uo&mid=40328&murl=https%3A%2F%2Fwww.coursera.org%2Flearn%2Fgcp-fundamentals-aws%3Fedocomorp%3Dcloud-technology-free-courses
<GET https://click.linksynergy.com/deeplink?id=EHFxW6yx8Uo&mid=40328&murl=https%3A%2F%2Fwww.coursera.org%2Flearn%2Ftcpip%3Fedocomorp%3Dcloud-technology-free-courses>,https://click.linksynergy.com/deeplink?id=EHFxW6yx8Uo&mid=40328&murl=https%3A%2F%2Fwww.coursera.org%2Flearn%2Ftcpip%3Fedocomorp%3Dcloud-technology-free-courses
<GET https://click.linksynergy.com/deeplink?id=EHFxW6yx8Uo&mid=40328&murl=https%3A%2F%2Fwww.coursera.org%2Flearn%2Faws-computer-vision-gluoncv%3Fedocomorp%3Dcloud-technology-free-courses>,https://click.linksynergy.com/deeplink?id=EHFxW6yx8Uo&mid=40328&murl=https%3A%2F%2Fwww.coursera.org%2Flearn%2Faws-computer-vision-gluoncv%3Fedocomorp%3Dcloud-technology-free-courses
<GET https://click.linksynergy.com/deeplink?id=EHFxW6yx8Uo&mid=40328&murl=https%3A%2F%2Fwww.coursera.org%2Flearn%2Fcloud-identity%3Fedocomorp%3Dcloud-technology-free-courses>,https://click.linksynergy.com/deeplink?id=EHFxW6yx8Uo&mid=40328&murl=https%3A%2F%2Fwww.coursera.org%2Flearn%2Fcloud-identity%3Fedocomorp%3Dcloud-technology-free-courses
<GET https://click.linksynergy.com/deeplink?id=EHFxW6yx8Uo&mid=40328&murl=https%3A%2F%2Fwww.coursera.org%2Flearn%2Fcloud-computing-basics%3Fedocomorp%3Dcloud-technology-free-courses>,https://click.linksynergy.com/deeplink?id=EHFxW6yx8Uo&mid=40328&murl=https%3A%2F%2Fwww.coursera.org%2Flearn%2Fcloud-computing-basics%3Fedocomorp%3Dcloud-technology-free-courses
<GET https://click.linksynergy.com/deeplink?id=EHFxW6yx8Uo&mid=40328&murl=https%3A%2F%2Fwww.coursera.org%2Flearn%2Fdeveloping-ai-applications-azure%3Fedocomorp%3Dcloud-technology-free-courses>,https://click.linksynergy.com/deeplink?id=EHFxW6yx8Uo&mid=40328&murl=https%3A%2F%2Fwww.coursera.org%2Flearn%2Fdeveloping-ai-applications-azure%3Fedocomorp%3Dcloud-technology-free-courses
<GET https://click.linksynergy.com/deeplink?id=EHFxW6yx8Uo&mid=40328&murl=https%3A%2F%2Fwww.coursera.org%2Flearn%2Faws-machine-learning%3Fedocomorp%3Dcloud-technology-free-courses>,https://click.linksynergy.com/deeplink?id=EHFxW6yx8Uo&mid=40328&murl=https%3A%2F%2Fwww.coursera.org%2Flearn%2Faws-machine-learning%3Fedocomorp%3Dcloud-technology-free-courses
<GET https://click.linksynergy.com/deeplink?id=EHFxW6yx8Uo&mid=40328&murl=https%3A%2F%2Fwww.coursera.org%2Flearn%2Fmachine-learning-business-professionals%3Fedocomorp%3Dcloud-technology-free-courses>,https://click.linksynergy.com/deeplink?id=EHFxW6yx8Uo&mid=40328&murl=https%3A%2F%2Fwww.coursera.org%2Flearn%2Fmachine-learning-business-professionals%3Fedocomorp%3Dcloud-technology-free-courses
<GET https://click.linksynergy.com/deeplink?id=EHFxW6yx8Uo&mid=40328&murl=https%3A%2F%2Fwww.coursera.org%2Flearn%2Fconversational-experiences-dialogflow%3Fedocomorp%3Dcloud-technology-free-courses>,https://click.linksynergy.com/deeplink?id=EHFxW6yx8Uo&mid=40328&murl=https%3A%2F%2Fwww.coursera.org%2Flearn%2Fconversational-experiences-dialogflow%3Fedocomorp%3Dcloud-technology-free-courses
<GET https://click.linksynergy.com/deeplink?id=EHFxW6yx8Uo&mid=40328&murl=https%3A%2F%2Fwww.coursera.org%2Flearn%2Fiiot-google-cloud-platform%3Fedocomorp%3Dcloud-technology-free-courses>,https://click.linksynergy.com/deeplink?id=EHFxW6yx8Uo&mid=40328&murl=https%3A%2F%2Fwww.coursera.org%2Flearn%2Fiiot-google-cloud-platform%3Fedocomorp%3Dcloud-technology-free-courses
<GET https://click.linksynergy.com/deeplink?id=EHFxW6yx8Uo&mid=40328&murl=https%3A%2F%2Fwww.coursera.org%2Flearn%2Fgcp-fundamentals-aws%3Fedocomorp%3Dcloud-technology-free-courses>,https://click.linksynergy.com/deeplink?id=EHFxW6yx8Uo&mid=40328&murl=https%3A%2F%2Fwww.coursera.org%2Flearn%2Fgcp-fundamentals-aws%3Fedocomorp%3Dcloud-technology-free-courses
<GET https://click.linksynergy.com/deeplink?id=EHFxW6yx8Uo&mid=40328&murl=https%3A%2F%2Fwww.coursera.org%2Flearn%2Ftcpip%3Fedocomorp%3Dcloud-technology-free-courses>,https://click.linksynergy.com/deeplink?id=EHFxW6yx8Uo&mid=40328&murl=https%3A%2F%2Fwww.coursera.org%2Flearn%2Ftcpip%3Fedocomorp%3Dcloud-technology-free-courses
<GET https://click.linksynergy.com/deeplink?id=EHFxW6yx8Uo&mid=40328&murl=https%3A%2F%2Fwww.coursera.org%2Flearn%2Faws-computer-vision-gluoncv%3Fedocomorp%3Dcloud-technology-free-courses>,https://click.linksynergy.com/deeplink?id=EHFxW6yx8Uo&mid=40328&murl=https%3A%2F%2Fwww.coursera.org%2Flearn%2Faws-computer-vision-gluoncv%3Fedocomorp%3Dcloud-technology-free-courses
<GET https://click.linksynergy.com/deeplink?id=EHFxW6yx8Uo&mid=40328&murl=https%3A%2F%2Fwww.coursera.org%2Flearn%2Fcloud-identity%3Fedocomorp%3Dcloud-technology-free-courses>,https://click.linksynergy.com/deeplink?id=EHFxW6yx8Uo&mid=40328&murl=https%3A%2F%2Fwww.coursera.org%2Flearn%2Fcloud-identity%3Fedocomorp%3Dcloud-technology-free-courses
<GET https://click.linksynergy.com/deeplink?id=EHFxW6yx8Uo&mid=40328&murl=https%3A%2F%2Fwww.coursera.org%2Flearn%2Fcloud-computing-basics%3Fedocomorp%3Dcloud-technology-free-courses>,https://click.linksynergy.com/deeplink?id=EHFxW6yx8Uo&mid=40328&murl=https%3A%2F%2Fwww.coursera.org%2Flearn%2Fcloud-computing-basics%3Fedocomorp%3Dcloud-technology-free-courses
<GET https://click.linksynergy.com/deeplink?id=EHFxW6yx8Uo&mid=40328&murl=https%3A%2F%2Fwww.coursera.org%2Flearn%2Fdeveloping-ai-applications-azure%3Fedocomorp%3Dcloud-technology-free-courses>,https://click.linksynergy.com/deeplink?id=EHFxW6yx8Uo&mid=40328&murl=https%3A%2F%2Fwww.coursera.org%2Flearn%2Fdeveloping-ai-applications-azure%3Fedocomorp%3Dcloud-technology-free-courses
<GET https://click.linksynergy.com/deeplink?id=EHFxW6yx8Uo&mid=40328&murl=https%3A%2F%2Fwww.coursera.org%2Flearn%2Faws-machine-learning%3Fedocomorp%3Dcloud-technology-free-courses>,https://click.linksynergy.com/deeplink?id=EHFxW6yx8Uo&mid=40328&murl=https%3A%2F%2Fwww.coursera.org%2Flearn%2Faws-machine-learning%3Fedocomorp%3Dcloud-technology-free-courses
<GET https://click.linksynergy.com/deeplink?id=EHFxW6yx8Uo&mid=40328&murl=https%3A%2F%2Fwww.coursera.org%2Flearn%2Flearn-korean%3Fedocomorp%3Dfree-courses-high-school>,https://click.linksynergy.com/deeplink?id=EHFxW6yx8Uo&mid=40328&murl=https%3A%2F%2Fwww.coursera.org%2Flearn%2Flearn-korean%3Fedocomorp%3Dfree-courses-high-school
<GET https://click.linksynergy.com/deeplink?id=EHFxW6yx8Uo&mid=40328&murl=https%3A%2F%2Fwww.coursera.org%2Flearn%2Flearn-chinese%3Fedocomorp%3Dfree-courses-high-school>,https://click.linksynergy.com/deeplink?id=EHFxW6yx8Uo&mid=40328&murl=https%3A%2F%2Fwww.coursera.org%2Flearn%2Flearn-chinese%3Fedocomorp%3Dfree-courses-high-school
<GET https://click.linksynergy.com/deeplink?id=EHFxW6yx8Uo&mid=40328&murl=https%3A%2F%2Fwww.coursera.org%2Flearn%2Ftricky-american-english-pronunciation%3Fedocomorp%3Dfree-courses-high-school>,https://click.linksynergy.com/deeplink?id=EHFxW6yx8Uo&mid=40328&murl=https%3A%2F%2Fwww.coursera.org%2Flearn%2Ftricky-american-english-pronunciation%3Fedocomorp%3Dfree-courses-high-school
<GET https://click.linksynergy.com/deeplink?id=EHFxW6yx8Uo&mid=40328&murl=https%3A%2F%2Fwww.coursera.org%2Flearn%2Fwriting-english-university%3Fedocomorp%3Dfree-courses-high-school>,https://click.linksynergy.com/deeplink?id=EHFxW6yx8Uo&mid=40328&murl=https%3A%2F%2Fwww.coursera.org%2Flearn%2Fwriting-english-university%3Fedocomorp%3Dfree-courses-high-school
<GET https://click.linksynergy.com/deeplink?id=EHFxW6yx8Uo&mid=40328&murl=https%3A%2F%2Fwww.coursera.org%2Flearn%2Flearn-korean%3Fedocomorp%3Dfree-courses-high-school>,https://click.linksynergy.com/deeplink?id=EHFxW6yx8Uo&mid=40328&murl=https%3A%2F%2Fwww.coursera.org%2Flearn%2Flearn-korean%3Fedocomorp%3Dfree-courses-high-school
<GET https://click.linksynergy.com/deeplink?id=EHFxW6yx8Uo&mid=40328&murl=https%3A%2F%2Fwww.coursera.org%2Flearn%2Flearn-chinese%3Fedocomorp%3Dfree-courses-high-school>,https://click.linksynergy.com/deeplink?id=EHFxW6yx8Uo&mid=40328&murl=https%3A%2F%2Fwww.coursera.org%2Flearn%2Flearn-chinese%3Fedocomorp%3Dfree-courses-high-school
<GET https://click.linksynergy.com/deeplink?id=EHFxW6yx8Uo&mid=40328&murl=https%3A%2F%2Fwww.coursera.org%2Flearn%2Ftricky-american-english-pronunciation%3Fedocomorp%3Dfree-courses-high-school>,https://click.linksynergy.com/deeplink?id=EHFxW6yx8Uo&mid=40328&murl=https%3A%2F%2Fwww.coursera.org%2Flearn%2Ftricky-american-english-pronunciation%3Fedocomorp%3Dfree-courses-high-school
<GET https://click.linksynergy.com/deeplink?id=EHFxW6yx8Uo&mid=40328&murl=https%3A%2F%2Fwww.coursera.org%2Flearn%2Fwriting-english-university%3Fedocomorp%3Dfree-courses-high-school>,https://click.linksynergy.com/deeplink?id=EHFxW6yx8Uo&mid=40328&murl=https%3A%2F%2Fwww.coursera.org%2Flearn%2Fwriting-english-university%3Fedocomorp%3Dfree-courses-high-school
<GET https://click.linksynergy.com/deeplink?id=EHFxW6yx8Uo&mid=40328&murl=https%3A%2F%2Fwww.coursera.org%2Flearn%2Fintroduction-to-calculus%3Fedocomorp%3Dfree-courses-high-school>,https://click.linksynergy.com/deeplink?id=EHFxW6yx8Uo&mid=40328&murl=https%3A%2F%2Fwww.coursera.org%2Flearn%2Fintroduction-to-calculus%3Fedocomorp%3Dfree-courses-high-school
<GET https://click.linksynergy.com/deeplink?id=EHFxW6yx8Uo&mid=40328&murl=https%3A%2F%2Fwww.coursera.org%2Flearn%2Fdatasciencemathskills%3Fedocomorp%3Dfree-courses-college-students>,https://click.linksynergy.com/deeplink?id=EHFxW6yx8Uo&mid=40328&murl=https%3A%2F%2Fwww.coursera.org%2Flearn%2Fdatasciencemathskills%3Fedocomorp%3Dfree-courses-college-students
<GET https://click.linksynergy.com/deeplink?id=EHFxW6yx8Uo&mid=40328&murl=https%3A%2F%2Fwww.coursera.org%2Flearn%2Fsingle-variable-calculus%3Fedocomorp%3Dfree-courses-high-school>,https://click.linksynergy.com/deeplink?id=EHFxW6yx8Uo&mid=40328&murl=https%3A%2F%2Fwww.coursera.org%2Flearn%2Fsingle-variable-calculus%3Fedocomorp%3Dfree-courses-high-school
<GET https://click.linksynergy.com/deeplink?id=EHFxW6yx8Uo&mid=40328&murl=https%3A%2F%2Fwww.coursera.org%2Flearn%2Fdifferentiation-calculus%3Fedocomorp%3Dfree-courses-high-school>,https://click.linksynergy.com/deeplink?id=EHFxW6yx8Uo&mid=40328&murl=https%3A%2F%2Fwww.coursera.org%2Flearn%2Fdifferentiation-calculus%3Fedocomorp%3Dfree-courses-high-school
<GET https://click.linksynergy.com/deeplink?id=EHFxW6yx8Uo&mid=40328&murl=https%3A%2F%2Fwww.coursera.org%2Flearn%2Fintegration-calculus%3Fedocomorp%3Dfree-courses-high-school>,https://click.linksynergy.com/deeplink?id=EHFxW6yx8Uo&mid=40328&murl=https%3A%2F%2Fwww.coursera.org%2Flearn%2Fintegration-calculus%3Fedocomorp%3Dfree-courses-high-school
<GET https://click.linksynergy.com/deeplink?id=EHFxW6yx8Uo&mid=40328&murl=https%3A%2F%2Fwww.coursera.org%2Flearn%2Fintroduction-to-calculus%3Fedocomorp%3Dfree-courses-high-school>,https://click.linksynergy.com/deeplink?id=EHFxW6yx8Uo&mid=40328&murl=https%3A%2F%2Fwww.coursera.org%2Flearn%2Fintroduction-to-calculus%3Fedocomorp%3Dfree-courses-high-school
<GET https://click.linksynergy.com/deeplink?id=EHFxW6yx8Uo&mid=40328&murl=https%3A%2F%2Fwww.coursera.org%2Flearn%2Fdatasciencemathskills%3Fedocomorp%3Dfree-courses-college-students>,https://click.linksynergy.com/deeplink?id=EHFxW6yx8Uo&mid=40328&murl=https%3A%2F%2Fwww.coursera.org%2Flearn%2Fdatasciencemathskills%3Fedocomorp%3Dfree-courses-college-students
<GET https://click.linksynergy.com/deeplink?id=EHFxW6yx8Uo&mid=40328&murl=https%3A%2F%2Fwww.coursera.org%2Flearn%2Fsingle-variable-calculus%3Fedocomorp%3Dfree-courses-high-school>,https://click.linksynergy.com/deeplink?id=EHFxW6yx8Uo&mid=40328&murl=https%3A%2F%2Fwww.coursera.org%2Flearn%2Fsingle-variable-calculus%3Fedocomorp%3Dfree-courses-high-school
<GET https://click.linksynergy.com/deeplink?id=EHFxW6yx8Uo&mid=40328&murl=https%3A%2F%2Fwww.coursera.org%2Flearn%2Fdifferentiation-calculus%3Fedocomorp%3Dfree-courses-high-school>,https://click.linksynergy.com/deeplink?id=EHFxW6yx8Uo&mid=40328&murl=https%3A%2F%2Fwww.coursera.org%2Flearn%2Fdifferentiation-calculus%3Fedocomorp%3Dfree-courses-high-school
<GET https://click.linksynergy.com/deeplink?id=EHFxW6yx8Uo&mid=40328&murl=https%3A%2F%2Fwww.coursera.org%2Flearn%2Fintegration-calculus%3Fedocomorp%3Dfree-courses-high-school>,https://click.linksynergy.com/deeplink?id=EHFxW6yx8Uo&mid=40328&murl=https%3A%2F%2Fwww.coursera.org%2Flearn%2Fintegration-calculus%3Fedocomorp%3Dfree-courses-high-school
<GET https://click.linksynergy.com/deeplink?id=EHFxW6yx8Uo&mid=40328&murl=https%3A%2F%2Fwww.coursera.org%2Flearn%2Fmindfulness%3Fedocomorp%3Dwellness-free-courses>,https://click.linksynergy.com/deeplink?id=EHFxW6yx8Uo&mid=40328&murl=https%3A%2F%2Fwww.coursera.org%2Flearn%2Fmindfulness%3Fedocomorp%3Dwellness-free-courses
<GET https://click.linksynergy.com/deeplink?id=EHFxW6yx8Uo&mid=40328&murl=https%3A%2F%2Fwww.coursera.org%2Flearn%2Funderstanding-arguments%3Fedocomorp%3Dcareer-development-free>,https://click.linksynergy.com/deeplink?id=EHFxW6yx8Uo&mid=40328&murl=https%3A%2F%2Fwww.coursera.org%2Flearn%2Funderstanding-arguments%3Fedocomorp%3Dcareer-development-free
<GET https://click.linksynergy.com/deeplink?id=EHFxW6yx8Uo&mid=40328&murl=https%3A%2F%2Fwww.coursera.org%2Flearn%2Fhuman-needs%3Fedocomorp%3Dwellness-free-courses>,https://click.linksynergy.com/deeplink?id=EHFxW6yx8Uo&mid=40328&murl=https%3A%2F%2Fwww.coursera.org%2Flearn%2Fhuman-needs%3Fedocomorp%3Dwellness-free-courses
<GET https://click.linksynergy.com/deeplink?id=EHFxW6yx8Uo&mid=40328&murl=https%3A%2F%2Fwww.coursera.org%2Flearn%2Fmindshift%3Fedocomorp%3Dwellness-free-courses>,https://click.linksynergy.com/deeplink?id=EHFxW6yx8Uo&mid=40328&murl=https%3A%2F%2Fwww.coursera.org%2Flearn%2Fmindshift%3Fedocomorp%3Dwellness-free-courses
<GET https://click.linksynergy.com/deeplink?id=EHFxW6yx8Uo&mid=40328&murl=https%3A%2F%2Fwww.coursera.org%2Flearn%2Fhealing-with-the-arts%3Fedocomorp%3Dwellness-free-courses>,https://click.linksynergy.com/deeplink?id=EHFxW6yx8Uo&mid=40328&murl=https%3A%2F%2Fwww.coursera.org%2Flearn%2Fhealing-with-the-arts%3Fedocomorp%3Dwellness-free-courses
<GET https://click.linksynergy.com/deeplink?id=EHFxW6yx8Uo&mid=40328&murl=https%3A%2F%2Fwww.coursera.org%2Flearn%2Fpersonal-branding%3Fedocomorp%3Dfree-courses-college-students>,https://click.linksynergy.com/deeplink?id=EHFxW6yx8Uo&mid=40328&murl=https%3A%2F%2Fwww.coursera.org%2Flearn%2Fpersonal-branding%3Fedocomorp%3Dfree-courses-college-students
<GET https://click.linksynergy.com/deeplink?id=EHFxW6yx8Uo&mid=40328&murl=https%3A%2F%2Fwww.coursera.org%2Flearn%2Fcreative-problem-solving%3Fedocomorp%3Dcareer-development-free>,https://click.linksynergy.com/deeplink?id=EHFxW6yx8Uo&mid=40328&murl=https%3A%2F%2Fwww.coursera.org%2Flearn%2Fcreative-problem-solving%3Fedocomorp%3Dcareer-development-free
<GET https://click.linksynergy.com/deeplink?id=EHFxW6yx8Uo&mid=40328&murl=https%3A%2F%2Fwww.coursera.org%2Flearn%2Femerging-technologies-lifelong-learning%3Fedocomorp%3Dcareer-development-free>,https://click.linksynergy.com/deeplink?id=EHFxW6yx8Uo&mid=40328&murl=https%3A%2F%2Fwww.coursera.org%2Flearn%2Femerging-technologies-lifelong-learning%3Fedocomorp%3Dcareer-development-free
<GET https://click.linksynergy.com/deeplink?id=EHFxW6yx8Uo&mid=40328&murl=https%3A%2F%2Fwww.coursera.org%2Flearn%2Fcreative-thinking-techniques-and-tools-for-success%3Fedocomorp%3Dcareer-development-free>,https://click.linksynergy.com/deeplink?id=EHFxW6yx8Uo&mid=40328&murl=https%3A%2F%2Fwww.coursera.org%2Flearn%2Fcreative-thinking-techniques-and-tools-for-success%3Fedocomorp%3Dcareer-development-free
<GET https://click.linksynergy.com/deeplink?id=EHFxW6yx8Uo&mid=40328&murl=https%3A%2F%2Fwww.coursera.org%2Flearn%2Fget-active%3Fedocomorp%3Dwellness-free-courses>,https://click.linksynergy.com/deeplink?id=EHFxW6yx8Uo&mid=40328&murl=https%3A%2F%2Fwww.coursera.org%2Flearn%2Fget-active%3Fedocomorp%3Dwellness-free-courses
<GET https://click.linksynergy.com/deeplink?id=EHFxW6yx8Uo&mid=40328&murl=https%3A%2F%2Fwww.coursera.org%2Flearn%2Fhow-to-write-a-resume%3Fedocomorp%3Dfree-courses-college-students>,https://click.linksynergy.com/deeplink?id=EHFxW6yx8Uo&mid=40328&murl=https%3A%2F%2Fwww.coursera.org%2Flearn%2Fhow-to-write-a-resume%3Fedocomorp%3Dfree-courses-college-students
<GET https://click.linksynergy.com/deeplink?id=EHFxW6yx8Uo&mid=40328&murl=https%3A%2F%2Fwww.coursera.org%2Flearn%2Fcareer-advancement%3Fedocomorp%3Dcareer-development-free>,https://click.linksynergy.com/deeplink?id=EHFxW6yx8Uo&mid=40328&murl=https%3A%2F%2Fwww.coursera.org%2Flearn%2Fcareer-advancement%3Fedocomorp%3Dcareer-development-free
<GET https://click.linksynergy.com/deeplink?id=EHFxW6yx8Uo&mid=40328&murl=https%3A%2F%2Fwww.coursera.org%2Flearn%2Fconverting-challenges-into-opportunities%3Fedocomorp%3Dcareer-development-free>,https://click.linksynergy.com/deeplink?id=EHFxW6yx8Uo&mid=40328&murl=https%3A%2F%2Fwww.coursera.org%2Flearn%2Fconverting-challenges-into-opportunities%3Fedocomorp%3Dcareer-development-free
<GET https://click.linksynergy.com/deeplink?id=EHFxW6yx8Uo&mid=40328&murl=https%3A%2F%2Fwww.coursera.org%2Flearn%2Fskills-management%3Fedocomorp%3Dcareer-development-free>,https://click.linksynergy.com/deeplink?id=EHFxW6yx8Uo&mid=40328&murl=https%3A%2F%2Fwww.coursera.org%2Flearn%2Fskills-management%3Fedocomorp%3Dcareer-development-free
<GET https://click.linksynergy.com/deeplink?id=EHFxW6yx8Uo&mid=40328&murl=https%3A%2F%2Fwww.coursera.org%2Flearn%2Fstudy-in-usa%3Fedocomorp%3Dfree-courses-high-school>,https://click.linksynergy.com/deeplink?id=EHFxW6yx8Uo&mid=40328&murl=https%3A%2F%2Fwww.coursera.org%2Flearn%2Fstudy-in-usa%3Fedocomorp%3Dfree-courses-high-school
<GET https://click.linksynergy.com/deeplink?id=EHFxW6yx8Uo&mid=40328&murl=https%3A%2F%2Fwww.coursera.org%2Flearn%2Fapplying-to-college%3Fedocomorp%3Dfree-courses-high-school>,https://click.linksynergy.com/deeplink?id=EHFxW6yx8Uo&mid=40328&murl=https%3A%2F%2Fwww.coursera.org%2Flearn%2Fapplying-to-college%3Fedocomorp%3Dfree-courses-high-school
<GET https://click.linksynergy.com/deeplink?id=EHFxW6yx8Uo&mid=40328&murl=https%3A%2F%2Fwww.coursera.org%2Flearn%2Fmindfulness%3Fedocomorp%3Dwellness-free-courses>,https://click.linksynergy.com/deeplink?id=EHFxW6yx8Uo&mid=40328&murl=https%3A%2F%2Fwww.coursera.org%2Flearn%2Fmindfulness%3Fedocomorp%3Dwellness-free-courses
<GET https://click.linksynergy.com/deeplink?id=EHFxW6yx8Uo&mid=40328&murl=https%3A%2F%2Fwww.coursera.org%2Flearn%2Funderstanding-arguments%3Fedocomorp%3Dcareer-development-free>,https://click.linksynergy.com/deeplink?id=EHFxW6yx8Uo&mid=40328&murl=https%3A%2F%2Fwww.coursera.org%2Flearn%2Funderstanding-arguments%3Fedocomorp%3Dcareer-development-free
<GET https://click.linksynergy.com/deeplink?id=EHFxW6yx8Uo&mid=40328&murl=https%3A%2F%2Fwww.coursera.org%2Flearn%2Fhuman-needs%3Fedocomorp%3Dwellness-free-courses>,https://click.linksynergy.com/deeplink?id=EHFxW6yx8Uo&mid=40328&murl=https%3A%2F%2Fwww.coursera.org%2Flearn%2Fhuman-needs%3Fedocomorp%3Dwellness-free-courses
<GET https://click.linksynergy.com/deeplink?id=EHFxW6yx8Uo&mid=40328&murl=https%3A%2F%2Fwww.coursera.org%2Flearn%2Fmindshift%3Fedocomorp%3Dwellness-free-courses>,https://click.linksynergy.com/deeplink?id=EHFxW6yx8Uo&mid=40328&murl=https%3A%2F%2Fwww.coursera.org%2Flearn%2Fmindshift%3Fedocomorp%3Dwellness-free-courses
<GET https://click.linksynergy.com/deeplink?id=EHFxW6yx8Uo&mid=40328&murl=https%3A%2F%2Fwww.coursera.org%2Flearn%2Fhealing-with-the-arts%3Fedocomorp%3Dwellness-free-courses>,https://click.linksynergy.com/deeplink?id=EHFxW6yx8Uo&mid=40328&murl=https%3A%2F%2Fwww.coursera.org%2Flearn%2Fhealing-with-the-arts%3Fedocomorp%3Dwellness-free-courses
<GET https://click.linksynergy.com/deeplink?id=EHFxW6yx8Uo&mid=40328&murl=https%3A%2F%2Fwww.coursera.org%2Flearn%2Fpersonal-branding%3Fedocomorp%3Dfree-courses-college-students>,https://click.linksynergy.com/deeplink?id=EHFxW6yx8Uo&mid=40328&murl=https%3A%2F%2Fwww.coursera.org%2Flearn%2Fpersonal-branding%3Fedocomorp%3Dfree-courses-college-students
<GET https://click.linksynergy.com/deeplink?id=EHFxW6yx8Uo&mid=40328&murl=https%3A%2F%2Fwww.coursera.org%2Flearn%2Fcreative-problem-solving%3Fedocomorp%3Dcareer-development-free>,https://click.linksynergy.com/deeplink?id=EHFxW6yx8Uo&mid=40328&murl=https%3A%2F%2Fwww.coursera.org%2Flearn%2Fcreative-problem-solving%3Fedocomorp%3Dcareer-development-free
<GET https://click.linksynergy.com/deeplink?id=EHFxW6yx8Uo&mid=40328&murl=https%3A%2F%2Fwww.coursera.org%2Flearn%2Femerging-technologies-lifelong-learning%3Fedocomorp%3Dcareer-development-free>,https://click.linksynergy.com/deeplink?id=EHFxW6yx8Uo&mid=40328&murl=https%3A%2F%2Fwww.coursera.org%2Flearn%2Femerging-technologies-lifelong-learning%3Fedocomorp%3Dcareer-development-free
<GET https://click.linksynergy.com/deeplink?id=EHFxW6yx8Uo&mid=40328&murl=https%3A%2F%2Fwww.coursera.org%2Flearn%2Fcreative-thinking-techniques-and-tools-for-success%3Fedocomorp%3Dcareer-development-free>,https://click.linksynergy.com/deeplink?id=EHFxW6yx8Uo&mid=40328&murl=https%3A%2F%2Fwww.coursera.org%2Flearn%2Fcreative-thinking-techniques-and-tools-for-success%3Fedocomorp%3Dcareer-development-free
<GET https://click.linksynergy.com/deeplink?id=EHFxW6yx8Uo&mid=40328&murl=https%3A%2F%2Fwww.coursera.org%2Flearn%2Fget-active%3Fedocomorp%3Dwellness-free-courses>,https://click.linksynergy.com/deeplink?id=EHFxW6yx8Uo&mid=40328&murl=https%3A%2F%2Fwww.coursera.org%2Flearn%2Fget-active%3Fedocomorp%3Dwellness-free-courses
<GET https://click.linksynergy.com/deeplink?id=EHFxW6yx8Uo&mid=40328&murl=https%3A%2F%2Fwww.coursera.org%2Flearn%2Fhow-to-write-a-resume%3Fedocomorp%3Dfree-courses-college-students>,https://click.linksynergy.com/deeplink?id=EHFxW6yx8Uo&mid=40328&murl=https%3A%2F%2Fwww.coursera.org%2Flearn%2Fhow-to-write-a-resume%3Fedocomorp%3Dfree-courses-college-students
<GET https://click.linksynergy.com/deeplink?id=EHFxW6yx8Uo&mid=40328&murl=https%3A%2F%2Fwww.coursera.org%2Flearn%2Fcareer-advancement%3Fedocomorp%3Dcareer-development-free>,https://click.linksynergy.com/deeplink?id=EHFxW6yx8Uo&mid=40328&murl=https%3A%2F%2Fwww.coursera.org%2Flearn%2Fcareer-advancement%3Fedocomorp%3Dcareer-development-free
<GET https://click.linksynergy.com/deeplink?id=EHFxW6yx8Uo&mid=40328&murl=https%3A%2F%2Fwww.coursera.org%2Flearn%2Fconverting-challenges-into-opportunities%3Fedocomorp%3Dcareer-development-free>,https://click.linksynergy.com/deeplink?id=EHFxW6yx8Uo&mid=40328&murl=https%3A%2F%2Fwww.coursera.org%2Flearn%2Fconverting-challenges-into-opportunities%3Fedocomorp%3Dcareer-development-free
<GET https://click.linksynergy.com/deeplink?id=EHFxW6yx8Uo&mid=40328&murl=https%3A%2F%2Fwww.coursera.org%2Flearn%2Fskills-management%3Fedocomorp%3Dcareer-development-free>,https://click.linksynergy.com/deeplink?id=EHFxW6yx8Uo&mid=40328&murl=https%3A%2F%2Fwww.coursera.org%2Flearn%2Fskills-management%3Fedocomorp%3Dcareer-development-free
<GET https://click.linksynergy.com/deeplink?id=EHFxW6yx8Uo&mid=40328&murl=https%3A%2F%2Fwww.coursera.org%2Flearn%2Fstudy-in-usa%3Fedocomorp%3Dfree-courses-high-school>,https://click.linksynergy.com/deeplink?id=EHFxW6yx8Uo&mid=40328&murl=https%3A%2F%2Fwww.coursera.org%2Flearn%2Fstudy-in-usa%3Fedocomorp%3Dfree-courses-high-school
<GET https://click.linksynergy.com/deeplink?id=EHFxW6yx8Uo&mid=40328&murl=https%3A%2F%2Fwww.coursera.org%2Flearn%2Fapplying-to-college%3Fedocomorp%3Dfree-courses-high-school>,https://click.linksynergy.com/deeplink?id=EHFxW6yx8Uo&mid=40328&murl=https%3A%2F%2Fwww.coursera.org%2Flearn%2Fapplying-to-college%3Fedocomorp%3Dfree-courses-high-school
<GET https://click.linksynergy.com/deeplink?id=EHFxW6yx8Uo&mid=40328&murl=https%3A%2F%2Fwww.coursera.org%2Flearn%2Ffe-exam%3Fedocomorp%3Dfree-courses-college-students>,https://click.linksynergy.com/deeplink?id=EHFxW6yx8Uo&mid=40328&murl=https%3A%2F%2Fwww.coursera.org%2Flearn%2Ffe-exam%3Fedocomorp%3Dfree-courses-college-students
<GET https://click.linksynergy.com/deeplink?id=EHFxW6yx8Uo&mid=40328&murl=https%3A%2F%2Fwww.coursera.org%2Flearn%2Fsustainability%3Fedocomorp%3Dfree-courses-college-students>,https://click.linksynergy.com/deeplink?id=EHFxW6yx8Uo&mid=40328&murl=https%3A%2F%2Fwww.coursera.org%2Flearn%2Fsustainability%3Fedocomorp%3Dfree-courses-college-students
<GET https://click.linksynergy.com/deeplink?id=EHFxW6yx8Uo&mid=40328&murl=https%3A%2F%2Fwww.coursera.org%2Flearn%2Fastro%3Fedocomorp%3Dfree-courses-high-school>,https://click.linksynergy.com/deeplink?id=EHFxW6yx8Uo&mid=40328&murl=https%3A%2F%2Fwww.coursera.org%2Flearn%2Fastro%3Fedocomorp%3Dfree-courses-high-school
<GET https://click.linksynergy.com/deeplink?id=EHFxW6yx8Uo&mid=40328&murl=https%3A%2F%2Fwww.coursera.org%2Flearn%2Fintro-chemistry%3Fedocomorp%3Dfree-courses-high-school>,https://click.linksynergy.com/deeplink?id=EHFxW6yx8Uo&mid=40328&murl=https%3A%2F%2Fwww.coursera.org%2Flearn%2Fintro-chemistry%3Fedocomorp%3Dfree-courses-high-school
<GET https://click.linksynergy.com/deeplink?id=EHFxW6yx8Uo&mid=40328&murl=https%3A%2F%2Fwww.coursera.org%2Flearn%2Fmountains-101%3Fedocomorp%3Dfree-courses-high-school>,https://click.linksynergy.com/deeplink?id=EHFxW6yx8Uo&mid=40328&murl=https%3A%2F%2Fwww.coursera.org%2Flearn%2Fmountains-101%3Fedocomorp%3Dfree-courses-high-school
<GET https://click.linksynergy.com/deeplink?id=EHFxW6yx8Uo&mid=40328&murl=https%3A%2F%2Fwww.coursera.org%2Flearn%2Fbasic-chemistry%3Fedocomorp%3Dfree-courses-high-school>,https://click.linksynergy.com/deeplink?id=EHFxW6yx8Uo&mid=40328&murl=https%3A%2F%2Fwww.coursera.org%2Flearn%2Fbasic-chemistry%3Fedocomorp%3Dfree-courses-high-school
<GET https://click.linksynergy.com/deeplink?id=EHFxW6yx8Uo&mid=40328&murl=https%3A%2F%2Fwww.coursera.org%2Flearn%2Fmechanics-1%3Fedocomorp%3Dfree-courses-college-students>,https://click.linksynergy.com/deeplink?id=EHFxW6yx8Uo&mid=40328&murl=https%3A%2F%2Fwww.coursera.org%2Flearn%2Fmechanics-1%3Fedocomorp%3Dfree-courses-college-students
<GET https://click.linksynergy.com/deeplink?id=EHFxW6yx8Uo&mid=40328&murl=https%3A%2F%2Fwww.coursera.org%2Flearn%2Fsolar-system%3Fedocomorp%3Dfree-courses-high-school>,https://click.linksynergy.com/deeplink?id=EHFxW6yx8Uo&mid=40328&murl=https%3A%2F%2Fwww.coursera.org%2Flearn%2Fsolar-system%3Fedocomorp%3Dfree-courses-high-school
<GET https://click.linksynergy.com/deeplink?id=EHFxW6yx8Uo&mid=40328&murl=https%3A%2F%2Fwww.coursera.org%2Flearn%2Fchemistry-1%3Fedocomorp%3Dfree-courses-high-school>,https://click.linksynergy.com/deeplink?id=EHFxW6yx8Uo&mid=40328&murl=https%3A%2F%2Fwww.coursera.org%2Flearn%2Fchemistry-1%3Fedocomorp%3Dfree-courses-high-school
<GET https://click.linksynergy.com/deeplink?id=EHFxW6yx8Uo&mid=40328&murl=https%3A%2F%2Fwww.coursera.org%2Flearn%2Fcomparch%3Fedocomorp%3Dfree-courses-high-school>,https://click.linksynergy.com/deeplink?id=EHFxW6yx8Uo&mid=40328&murl=https%3A%2F%2Fwww.coursera.org%2Flearn%2Fcomparch%3Fedocomorp%3Dfree-courses-high-school
<GET https://click.linksynergy.com/deeplink?id=EHFxW6yx8Uo&mid=40328&murl=https%3A%2F%2Fwww.coursera.org%2Flearn%2Ffe-exam%3Fedocomorp%3Dfree-courses-college-students>,https://click.linksynergy.com/deeplink?id=EHFxW6yx8Uo&mid=40328&murl=https%3A%2F%2Fwww.coursera.org%2Flearn%2Ffe-exam%3Fedocomorp%3Dfree-courses-college-students
<GET https://click.linksynergy.com/deeplink?id=EHFxW6yx8Uo&mid=40328&murl=https%3A%2F%2Fwww.coursera.org%2Flearn%2Fsustainability%3Fedocomorp%3Dfree-courses-college-students>,https://click.linksynergy.com/deeplink?id=EHFxW6yx8Uo&mid=40328&murl=https%3A%2F%2Fwww.coursera.org%2Flearn%2Fsustainability%3Fedocomorp%3Dfree-courses-college-students
<GET https://click.linksynergy.com/deeplink?id=EHFxW6yx8Uo&mid=40328&murl=https%3A%2F%2Fwww.coursera.org%2Flearn%2Fastro%3Fedocomorp%3Dfree-courses-high-school>,https://click.linksynergy.com/deeplink?id=EHFxW6yx8Uo&mid=40328&murl=https%3A%2F%2Fwww.coursera.org%2Flearn%2Fastro%3Fedocomorp%3Dfree-courses-high-school
<GET https://click.linksynergy.com/deeplink?id=EHFxW6yx8Uo&mid=40328&murl=https%3A%2F%2Fwww.coursera.org%2Flearn%2Fintro-chemistry%3Fedocomorp%3Dfree-courses-high-school>,https://click.linksynergy.com/deeplink?id=EHFxW6yx8Uo&mid=40328&murl=https%3A%2F%2Fwww.coursera.org%2Flearn%2Fintro-chemistry%3Fedocomorp%3Dfree-courses-high-school
<GET https://click.linksynergy.com/deeplink?id=EHFxW6yx8Uo&mid=40328&murl=https%3A%2F%2Fwww.coursera.org%2Flearn%2Fmountains-101%3Fedocomorp%3Dfree-courses-high-school>,https://click.linksynergy.com/deeplink?id=EHFxW6yx8Uo&mid=40328&murl=https%3A%2F%2Fwww.coursera.org%2Flearn%2Fmountains-101%3Fedocomorp%3Dfree-courses-high-school
<GET https://click.linksynergy.com/deeplink?id=EHFxW6yx8Uo&mid=40328&murl=https%3A%2F%2Fwww.coursera.org%2Flearn%2Fbasic-chemistry%3Fedocomorp%3Dfree-courses-high-school>,https://click.linksynergy.com/deeplink?id=EHFxW6yx8Uo&mid=40328&murl=https%3A%2F%2Fwww.coursera.org%2Flearn%2Fbasic-chemistry%3Fedocomorp%3Dfree-courses-high-school
<GET https://click.linksynergy.com/deeplink?id=EHFxW6yx8Uo&mid=40328&murl=https%3A%2F%2Fwww.coursera.org%2Flearn%2Fmechanics-1%3Fedocomorp%3Dfree-courses-college-students>,https://click.linksynergy.com/deeplink?id=EHFxW6yx8Uo&mid=40328&murl=https%3A%2F%2Fwww.coursera.org%2Flearn%2Fmechanics-1%3Fedocomorp%3Dfree-courses-college-students
<GET https://click.linksynergy.com/deeplink?id=EHFxW6yx8Uo&mid=40328&murl=https%3A%2F%2Fwww.coursera.org%2Flearn%2Fsolar-system%3Fedocomorp%3Dfree-courses-high-school>,https://click.linksynergy.com/deeplink?id=EHFxW6yx8Uo&mid=40328&murl=https%3A%2F%2Fwww.coursera.org%2Flearn%2Fsolar-system%3Fedocomorp%3Dfree-courses-high-school
<GET https://click.linksynergy.com/deeplink?id=EHFxW6yx8Uo&mid=40328&murl=https%3A%2F%2Fwww.coursera.org%2Flearn%2Fchemistry-1%3Fedocomorp%3Dfree-courses-high-school>,https://click.linksynergy.com/deeplink?id=EHFxW6yx8Uo&mid=40328&murl=https%3A%2F%2Fwww.coursera.org%2Flearn%2Fchemistry-1%3Fedocomorp%3Dfree-courses-high-school
<GET https://click.linksynergy.com/deeplink?id=EHFxW6yx8Uo&mid=40328&murl=https%3A%2F%2Fwww.coursera.org%2Flearn%2Fcomparch%3Fedocomorp%3Dfree-courses-high-school>,https://click.linksynergy.com/deeplink?id=EHFxW6yx8Uo&mid=40328&murl=https%3A%2F%2Fwww.coursera.org%2Flearn%2Fcomparch%3Fedocomorp%3Dfree-courses-high-school
<GET https://click.linksynergy.com/deeplink?id=EHFxW6yx8Uo&mid=40328&murl=https%3A%2F%2Fwww.coursera.org%2Flearn%2Fhow-things-work%3Fedocomorp%3Dfree-courses-high-school>,https://click.linksynergy.com/deeplink?id=EHFxW6yx8Uo&mid=40328&murl=https%3A%2F%2Fwww.coursera.org%2Flearn%2Fhow-things-work%3Fedocomorp%3Dfree-courses-high-school
<GET https://click.linksynergy.com/deeplink?id=EHFxW6yx8Uo&mid=40328&murl=https%3A%2F%2Fwww.coursera.org%2Flearn%2Fhow-things-work%3Fedocomorp%3Dfree-courses-high-school>,https://click.linksynergy.com/deeplink?id=EHFxW6yx8Uo&mid=40328&murl=https%3A%2F%2Fwww.coursera.org%2Flearn%2Fhow-things-work%3Fedocomorp%3Dfree-courses-high-school
<GET https://click.linksynergy.com/deeplink?id=EHFxW6yx8Uo&mid=40328&murl=https%3A%2F%2Fwww.coursera.org%2Flearn%2Fhow-to-write-a-scientific-paper%3Fedocomorp%3Dfree-courses-college-students>,https://click.linksynergy.com/deeplink?id=EHFxW6yx8Uo&mid=40328&murl=https%3A%2F%2Fwww.coursera.org%2Flearn%2Fhow-to-write-a-scientific-paper%3Fedocomorp%3Dfree-courses-college-students
<GET https://click.linksynergy.com/deeplink?id=EHFxW6yx8Uo&mid=40328&murl=https%3A%2F%2Fwww.coursera.org%2Flearn%2Fcollege-life%3Fedocomorp%3Dfree-courses-college-students>,https://click.linksynergy.com/deeplink?id=EHFxW6yx8Uo&mid=40328&murl=https%3A%2F%2Fwww.coursera.org%2Flearn%2Fcollege-life%3Fedocomorp%3Dfree-courses-college-students
<GET https://click.linksynergy.com/deeplink?id=EHFxW6yx8Uo&mid=40328&murl=https%3A%2F%2Fwww.coursera.org%2Flearn%2Fhow-to-write-a-scientific-paper%3Fedocomorp%3Dfree-courses-college-students>,https://click.linksynergy.com/deeplink?id=EHFxW6yx8Uo&mid=40328&murl=https%3A%2F%2Fwww.coursera.org%2Flearn%2Fhow-to-write-a-scientific-paper%3Fedocomorp%3Dfree-courses-college-students
<GET https://click.linksynergy.com/deeplink?id=EHFxW6yx8Uo&mid=40328&murl=https%3A%2F%2Fwww.coursera.org%2Flearn%2Fcollege-life%3Fedocomorp%3Dfree-courses-college-students>,https://click.linksynergy.com/deeplink?id=EHFxW6yx8Uo&mid=40328&murl=https%3A%2F%2Fwww.coursera.org%2Flearn%2Fcollege-life%3Fedocomorp%3Dfree-courses-college-students
